{"AndroidX document file library.": {"length": 10695, "start": 36}, "AndroidX print library.": {"length": 10695, "start": 10759}, "AndroidX versioned parcelable library.": {"length": 10695, "start": 21497}, "Checker Framework Annotations": {"length": 1846, "start": 32226}, "Firebase Common": {"length": 57295, "start": 34092}, "FlatBuffers": {"length": 11342, "start": 91403}, "JSR 250": {"length": 11358, "start": 102757}, "JSR 305": {"length": 1602, "start": 125500}, "safeparcel": {"length": 11358, "start": 114130}}