{"AndroidX document file library.": {"length": 10695, "start": 61}, "AndroidX print library.": {"length": 10695, "start": 61}, "AndroidX versioned parcelable library.": {"length": 10695, "start": 10799}, "Checker Framework Annotations": {"length": 1846, "start": 21528}, "Firebase Common": {"length": 11353, "start": 23394}, "FlatBuffers": {"length": 11342, "start": 46145}, "JSR 250": {"length": 11358, "start": 34771}, "JSR 305": {"length": 1602, "start": 57499}, "safeparcel": {"length": 11358, "start": 34771}}