{"AndroidX annotation experimental library": {"length": 10691, "start": 45}, "AndroidX architecture core common library": {"length": 10694, "start": 10782}, "AndroidX architecture core runtime library": {"length": 10694, "start": 21523}, "AndroidX lifecycle common library": {"length": 10694, "start": 32255}, "AndroidX lifecycle livedatacore library": {"length": 10694, "start": 42993}, "AndroidX lifecycle runtime library": {"length": 10694, "start": 53726}, "AndroidX tracing library": {"length": 10694, "start": 64449}, "Animal Sniffer": {"length": 1096, "start": 75162}, "Checker Framework Annotations": {"length": 1892, "start": 76292}, "Error Prone": {"length": 11357, "start": 78200}, "Guava JDK5": {"length": 11358, "start": 89572}, "Guava JDK7": {"length": 11362, "start": 100945}, "J2ObjC": {"length": 13064, "start": 112318}, "JSR 305": {"length": 1602, "start": 125394}, "JSpecify": {"length": 11358, "start": 127009}, "JsInterop Annotations": {"length": 11307, "start": 138393}, "Kotlin": {"length": 102807, "start": 171802}, "SafeParcelable library": {"length": 11358, "start": 149727}, "apksig": {"length": 10695, "start": 161096}}