{"Animal Sniffer": {"length": 1096, "start": 19}, "Checker Framework Annotations": {"length": 1892, "start": 1149}, "Conscrypt": {"length": 11358, "start": 3055}, "Dagger": {"length": 11358, "start": 14424}, "Error Prone": {"length": 11357, "start": 25798}, "ExoPlayer": {"length": 12539, "start": 37169}, "Google Auto": {"length": 11358, "start": 49724}, "Gson": {"length": 11358, "start": 61091}, "Guava JDK5": {"length": 11358, "start": 72464}, "Guava JDK7": {"length": 11362, "start": 83837}, "J2ObjC": {"length": 81008, "start": 95210}, "JSR 250": {"length": 11358, "start": 176230}, "JSR 305": {"length": 1602, "start": 187600}, "JSR 330": {"length": 11365, "start": 189214}, "JSpecify": {"length": 11358, "start": 200592}, "JsInterop Annotations": {"length": 11307, "start": 211976}, "Kotlin": {"length": 105133, "start": 223294}, "Kotlin coroutines": {"length": 11357, "start": 328449}, "Protocol Buffers for Java": {"length": 1732, "start": 339836}, "SafeParcelable library": {"length": 11358, "start": 341595}, "Tink": {"length": 11358, "start": 352962}, "Volley": {"length": 11358, "start": 364331}, "android_build": {"length": 11358, "start": 375707}, "apksig": {"length": 10695, "start": 387076}, "checker_framework_util": {"length": 1125, "start": 397798}, "customtabsclient": {"length": 10141, "start": 398944}, "gsfclient": {"length": 11358, "start": 409099}, "kotlinx_atomicfu": {"length": 11356, "start": 420478}, "mp4parser": {"length": 12834, "start": 431848}, "p2putils": {"length": 9217, "start": 444695}}