{"Android Multi-Dex Library":{"length":11361,"start":26},"firebase-auth-interop":{"length":3,"start":11409},"play-services-base":{"length":3,"start":11431},"play-services-tasks":{"length":3,"start":11454},"play-services-basement":{"length":3,"start":11480},"AutoValue Annotations":{"length":11361,"start":11505},"Android Support Library fragment":{"length":11361,"start":22899},"Android Support Library core UI":{"length":11361,"start":34292},"Android Support Library core utils":{"length":11361,"start":45688},"Android Support Library loader":{"length":11361,"start":57080},"Android Support Library View Pager":{"length":11361,"start":68476},"Android Support Library Coordinator Layout":{"length":11361,"start":79880},"Android Support Library Drawer Layout":{"length":11361,"start":91279},"Android Support Library Sliding Pane Layout":{"length":11361,"start":102684},"Android Support Library Custom View":{"length":11361,"start":125478},"Android Support Library Async Layout Inflater":{"length":11361,"start":136885},"Android Support Library compat":{"length":11361,"start":148277},"VersionedParcelable and friends":{"length":11361,"start":159670},"Android Support Library collections":{"length":11361,"start":171067},"Android Lifecycle Runtime":{"length":11361,"start":182454},"Android Lifecycle ViewModel":{"length":11361,"start":193843},"Android Lifecycle LiveData":{"length":11361,"start":205231},"Android Lifecycle LiveData Core":{"length":11361,"start":216624},"Android Lifecycle-Common":{"length":11361,"start":228010},"Android Arch-Runtime":{"length":11361,"start":239392},"Android Arch-Common":{"length":11361,"start":250773},"Android Support Library Interpolators":{"length":11361,"start":262172},"Android Support Library Cursor Adapter":{"length":11361,"start":273572},"Android Support Library Document File":{"length":11361,"start":284971},"Android Support Library Local Broadcast Manager":{"length":11361,"start":296380},"Android Support Library Print":{"length":11361,"start":307771},"Android Support Library Annotations":{"length":11361,"start":319168},"firebase-common":{"length":11361,"start":330545}}
